{
  "tasks": [
    {
      "id": 1,
      "taskName": "task 1",
      "cloumnLocation": "To-do",
      "DoingOrDone": "none"
    },
    {
      "id": 2,
      "taskName": "task 2",
      "cloumnLocation": "Analysis",
      "DoingOrDone": "Doing"
    },
    {
      "id": 3,
      "taskName": "task 3",
      "cloumnLocation": "Development",
      "DoingOrDone": "Doing"
    },
    {
      "taskName": "task 4",
      "cloumnLocation": "To-do",
      "id": 4
    },
    {
      "taskName": "task 5",
      "cloumnLocation": "To-do",
      "id": 5
    },
    {
      "taskName": "task 6",
      "cloumnLocation": "To-do",
      "id": 6
    },
    {
      "taskName": "Task 7",
      "cloumnLocation": "Analysis",
      "DoingOrDone": "Doing",
      "id": 7
    },
    {
      "taskName": "task 8",
      "cloumnLocation": "To-do",
      "id": 8
    },
    {
      "taskName": "hi",
      "cloumnLocation": "To-do",
      "id": 9
    }
  ]
}